iter	Recall	Logloss
0	0.8166666667	0.6874158031
1	0.86	0.6840647464
2	0.86	0.6801384857
3	0.8566666667	0.6761036263
4	0.8633333333	0.6706517856
5	0.8666666667	0.6665359984
6	0.8666666667	0.6618774363
7	0.86	0.657536925
8	0.8633333333	0.6532040223
9	0.86	0.648592028
10	0.86	0.6436369147
11	0.86	0.6392846273
12	0.86	0.6350153937
13	0.86	0.6309146227
14	0.86	0.6260099248
15	0.86	0.6229019099
16	0.86	0.6190482356
17	0.86	0.614321175
18	0.86	0.6111698085
19	0.86	0.6072112397
20	0.8566666667	0.6040165269
21	0.8633333333	0.6012855602
22	0.8633333333	0.5983084492
23	0.8633333333	0.5948351647
24	0.8633333333	0.5930162045
25	0.8633333333	0.5895484424
26	0.86	0.5865796993
27	0.86	0.583928468
28	0.8633333333	0.5808015959
29	0.86	0.577596878
30	0.86	0.5756108506
31	0.8633333333	0.5728405859
32	0.86	0.570036201
33	0.86	0.5678938756
34	0.86	0.5665283428
35	0.8633333333	0.5644323081
36	0.8633333333	0.5623173966
37	0.8633333333	0.5598602214
38	0.86	0.5571689732
39	0.86	0.5554288999
40	0.86	0.5524612528
41	0.86	0.5499251742
42	0.86	0.5472453834
43	0.86	0.5446581728
44	0.86	0.5430559477
45	0.86	0.5406592112
46	0.86	0.5389684271
47	0.86	0.5372780042
48	0.86	0.5347226237
49	0.86	0.5322432598
50	0.86	0.5297928548
51	0.86	0.5285064943
52	0.86	0.5271850049
53	0.86	0.5253769182
54	0.86	0.5234717627
55	0.86	0.521221647
56	0.86	0.5191501305
57	0.86	0.5174590642
58	0.86	0.515440243
59	0.86	0.5138271758
60	0.86	0.5127102021
61	0.86	0.5107831954
62	0.86	0.5091097542
63	0.86	0.5081911787
64	0.86	0.5068310457
65	0.86	0.5053702474
66	0.86	0.5043938912
67	0.86	0.5022947161
68	0.86	0.5010937013
69	0.86	0.4992577261
70	0.86	0.4974263065
71	0.86	0.4956135879
72	0.86	0.4942013085
73	0.86	0.4937563529
74	0.86	0.4924250512
75	0.86	0.4906632108
76	0.86	0.4887476248
77	0.86	0.4871520302
78	0.86	0.4854530193
79	0.86	0.4843014237
80	0.86	0.4828851811
81	0.86	0.4816405941
82	0.86	0.4807954806
83	0.86	0.4797971832
84	0.86	0.4788661029
85	0.86	0.4782052238
86	0.86	0.4766285242
87	0.86	0.475621432
88	0.86	0.4748051142
89	0.86	0.473780867
90	0.86	0.4729997673
91	0.86	0.4723401157
92	0.86	0.4716031655
93	0.86	0.4701933249
94	0.86	0.4695167845
95	0.86	0.468243901
96	0.86	0.4665648431
97	0.86	0.4660114082
98	0.86	0.4656299527
99	0.86	0.4645419511
100	0.86	0.4632958471
101	0.86	0.4623216602
102	0.86	0.4608330714
103	0.86	0.4598367649
104	0.86	0.4584339043
105	0.86	0.4574564872
106	0.86	0.4563203215
107	0.86	0.455592176
108	0.86	0.4541985245
109	0.86	0.4534689513
110	0.86	0.4527993304
111	0.86	0.4516001635
112	0.86	0.4506973482
113	0.86	0.4497128866
114	0.86	0.4484063728
115	0.86	0.4476120259
116	0.86	0.4467903562
117	0.86	0.4456009832
118	0.86	0.4447845807
119	0.86	0.4438527248
120	0.86	0.4436930946
121	0.86	0.4427077775
122	0.86	0.4420206058
123	0.86	0.4410839508
124	0.86	0.4402542439
125	0.86	0.4396389038
126	0.86	0.4386785687
127	0.86	0.4374797905
128	0.8633333333	0.4368034799
129	0.8633333333	0.4360034055
130	0.8633333333	0.4358781298
131	0.8633333333	0.4352916902
132	0.8633333333	0.4347101299
133	0.8633333333	0.4340314152
134	0.8633333333	0.4331550575
135	0.8633333333	0.4323053201
136	0.8633333333	0.4314516632
137	0.8633333333	0.4305235458
138	0.8633333333	0.4297606137
139	0.8633333333	0.429064482
140	0.8633333333	0.4285152835
141	0.8633333333	0.4279520617
142	0.8633333333	0.4271755549
143	0.8633333333	0.4264746613
144	0.8633333333	0.4257743997
145	0.8633333333	0.4254523816
146	0.8633333333	0.424838532
147	0.8633333333	0.4238440844
148	0.8633333333	0.4230326006
149	0.8633333333	0.4220413313
150	0.8633333333	0.4214244789
151	0.8633333333	0.4204050997
152	0.8633333333	0.4198585074
153	0.8633333333	0.4190750236
154	0.8633333333	0.4185302727
155	0.8633333333	0.4181750613
156	0.8633333333	0.4176307777
157	0.8633333333	0.417084533
158	0.8633333333	0.4166688764
159	0.8633333333	0.4159758654
160	0.8633333333	0.4155123972
161	0.8633333333	0.4147727383
162	0.8633333333	0.4141922311
163	0.8633333333	0.4133544447
164	0.8633333333	0.4130080387
165	0.8633333333	0.4123233781
166	0.8633333333	0.4117294168
167	0.8633333333	0.4111602399
168	0.8633333333	0.4105021841
169	0.8633333333	0.4096335845
170	0.8633333333	0.408974006
171	0.8633333333	0.4084864527
172	0.8633333333	0.407843617
173	0.8633333333	0.4077577694
174	0.8633333333	0.4072626605
175	0.8633333333	0.4067002057
176	0.8633333333	0.4061722808
177	0.8633333333	0.4055477489
178	0.8633333333	0.4048505736
179	0.8633333333	0.4044059695
180	0.8633333333	0.4039100645
181	0.8633333333	0.4031925416
182	0.8633333333	0.402843744
183	0.8633333333	0.4023216011
184	0.8633333333	0.4023082696
185	0.8633333333	0.401808282
186	0.8633333333	0.401705703
187	0.8633333333	0.401108102
188	0.8633333333	0.4004968486
189	0.8633333333	0.3998406491
190	0.8633333333	0.3993693929
191	0.8633333333	0.3986992623
192	0.8633333333	0.3980923157
193	0.8633333333	0.3978742202
194	0.8633333333	0.3969982646
195	0.8633333333	0.396294632
196	0.8633333333	0.3958141177
197	0.8633333333	0.395088847
198	0.8633333333	0.3943706138
199	0.8633333333	0.3938171573
200	0.8633333333	0.3937292896
201	0.8633333333	0.3929455691
202	0.8633333333	0.3923073059
203	0.8633333333	0.3916838755
204	0.8633333333	0.3910226255
205	0.8633333333	0.3901160948
206	0.8633333333	0.3898139865
207	0.8633333333	0.3892291128
208	0.8633333333	0.3887618477
209	0.8633333333	0.3883050726
210	0.8633333333	0.3881679926
211	0.8633333333	0.3874421644
212	0.8633333333	0.3865331236
213	0.8633333333	0.3862728238
214	0.8633333333	0.3859085545
215	0.8633333333	0.3852919413
216	0.8633333333	0.3845691018
217	0.8633333333	0.3842229703
218	0.8633333333	0.3840039979
219	0.8633333333	0.3835567141
220	0.8666666667	0.3831796084
221	0.8666666667	0.3824743046
222	0.8666666667	0.3821682893
223	0.8666666667	0.3816636639
224	0.8666666667	0.3813081139
225	0.8666666667	0.3806036124
226	0.87	0.3802099845
227	0.87	0.3800687625
228	0.8666666667	0.379335014
229	0.87	0.3785596482
230	0.87	0.3783880334
231	0.87	0.3780569636
232	0.87	0.3775160967
233	0.8733333333	0.3771775917
234	0.8733333333	0.3767457773
235	0.8733333333	0.376515341
236	0.8733333333	0.3760403595
237	0.8733333333	0.3759965423
238	0.8733333333	0.3759693545
239	0.8733333333	0.3758322501
240	0.8733333333	0.3754338371
241	0.8733333333	0.3751429877
242	0.8766666667	0.3748784594
243	0.8766666667	0.3746531054
244	0.8766666667	0.3740444618
245	0.8766666667	0.3737720484
246	0.8766666667	0.3731531034
247	0.8733333333	0.3727826916
248	0.8733333333	0.372502439
249	0.8733333333	0.3717592906
250	0.8733333333	0.3714388065
251	0.8733333333	0.3711472208
252	0.8733333333	0.3709115475
253	0.8733333333	0.3708550013
254	0.8733333333	0.3704686576
255	0.8733333333	0.3698344237
256	0.8733333333	0.3694171681
257	0.8766666667	0.3691246167
258	0.8766666667	0.3687036016
259	0.8766666667	0.3685367412
260	0.8766666667	0.3681320571
261	0.8766666667	0.3676553146
262	0.8766666667	0.3675010008
263	0.8766666667	0.3670301524
264	0.8766666667	0.366416118
265	0.8766666667	0.3659976118
266	0.88	0.3654428681
267	0.88	0.3650295279
268	0.88	0.3646720467
269	0.88	0.3643158693
270	0.88	0.3637741322
271	0.88	0.3632888906
272	0.8833333333	0.3629750748
273	0.8833333333	0.3627930886
274	0.8833333333	0.3622769671
275	0.8833333333	0.3622570261
276	0.8833333333	0.3619796689
277	0.8833333333	0.3619129932
278	0.8866666667	0.3614160328
279	0.8866666667	0.361093736
280	0.8866666667	0.3607264015
281	0.8866666667	0.3603041996
282	0.8833333333	0.3595758665
283	0.8866666667	0.3592026871
284	0.8866666667	0.358857154
285	0.89	0.3586578221
286	0.8933333333	0.3583840041
287	0.89	0.3579803991
288	0.89	0.3577500544
289	0.8933333333	0.3572355698
290	0.8933333333	0.3571212409
291	0.8933333333	0.3570487324
292	0.8933333333	0.356820325
293	0.8933333333	0.3562352401
294	0.8933333333	0.3560367997
295	0.8933333333	0.3558621603
296	0.8966666667	0.3554671233
297	0.8966666667	0.3550705619
298	0.9	0.3546086954
299	0.9	0.3542713717
300	0.9	0.3540514852
301	0.8966666667	0.3535984607
302	0.8966666667	0.3531388274
303	0.8966666667	0.3529640666
304	0.8966666667	0.3527800361
305	0.8966666667	0.35252935
306	0.8966666667	0.3523167726
307	0.8966666667	0.3518915817
308	0.8966666667	0.3516424745
309	0.8966666667	0.3516419253
310	0.8966666667	0.3511365904
311	0.8966666667	0.3506741007
312	0.8966666667	0.3503249753
313	0.9	0.3500292273
314	0.9	0.3498167536
315	0.9	0.3494135939
316	0.9	0.3491836415
317	0.9	0.3490444859
318	0.9	0.3489290299
319	0.9	0.3486235003
320	0.9	0.3484401713
321	0.8966666667	0.3480664221
322	0.8966666667	0.3478922812
323	0.8966666667	0.3475006744
324	0.9	0.3470978429
325	0.9	0.346816628
326	0.9	0.3465973357
327	0.9	0.3463790275
328	0.9	0.3459818642
329	0.9	0.3458153869
330	0.9	0.3452807379
331	0.9033333333	0.3449878997
332	0.9033333333	0.3445391685
333	0.9066666667	0.3441913404
334	0.9066666667	0.3439038241
335	0.9066666667	0.3438994641
336	0.9066666667	0.3435351177
337	0.9066666667	0.3432542922
338	0.9066666667	0.3430244339
339	0.9066666667	0.3427739334
340	0.91	0.3425546359
341	0.91	0.3425042182
342	0.91	0.3423357548
343	0.9066666667	0.3419306833
344	0.9066666667	0.3419305191
345	0.9066666667	0.341680726
346	0.91	0.3414103492
347	0.91	0.340844
348	0.91	0.3402649012
349	0.9133333333	0.3398196225
350	0.9133333333	0.3394324892
351	0.9166666667	0.3391767282
352	0.9166666667	0.3387266414
353	0.9166666667	0.3387264619
354	0.9166666667	0.3385007314
355	0.9166666667	0.337900313
356	0.9166666667	0.337378111
357	0.9166666667	0.3372934602
358	0.9166666667	0.33708375
359	0.9166666667	0.336629098
360	0.9166666667	0.3362927509
361	0.9166666667	0.3359991579
362	0.9166666667	0.3355037278
363	0.9166666667	0.3352745789
364	0.9166666667	0.3347753318
365	0.9166666667	0.3345619826
366	0.9166666667	0.3344014803
367	0.9166666667	0.3338145107
368	0.9166666667	0.3335624258
369	0.9166666667	0.3334167527
370	0.9166666667	0.3333398066
371	0.9166666667	0.3330209447
372	0.9166666667	0.3327937654
373	0.9166666667	0.3327703605
374	0.92	0.3323075567
375	0.9166666667	0.3321209547
376	0.9166666667	0.3316919949
377	0.9166666667	0.3316144717
378	0.92	0.3312943708
379	0.92	0.3309967588
380	0.92	0.3305115379
381	0.92	0.3303125797
382	0.92	0.3300110801
383	0.92	0.329649878
384	0.92	0.3293234959
385	0.92	0.3289263844
386	0.92	0.3287713123
387	0.9233333333	0.3286091043
388	0.9233333333	0.3283946886
389	0.92	0.3280642124
390	0.92	0.3279331105
391	0.92	0.3279331052
392	0.92	0.3279330999
393	0.92	0.3275950651
394	0.92	0.3275704946
395	0.92	0.3271450632
396	0.92	0.3269881594
397	0.92	0.3266433064
398	0.92	0.3265319195
399	0.92	0.32651001
400	0.9233333333	0.3263872453
401	0.9233333333	0.3262313902
402	0.9233333333	0.3260207138
403	0.92	0.3257615664
404	0.92	0.3254956516
405	0.92	0.3253966554
406	0.9233333333	0.325144753
407	0.9233333333	0.3247238507
408	0.9233333333	0.3242506813
409	0.92	0.3240601206
410	0.92	0.323676675
411	0.9233333333	0.3233603082
412	0.9233333333	0.323008067
413	0.9266666667	0.3227373653
414	0.9266666667	0.3226380649
415	0.93	0.3222291805
416	0.93	0.3220377445
417	0.93	0.3217967206
418	0.93	0.3217952142
419	0.93	0.3217814179
420	0.93	0.3213294961
421	0.93	0.3213199649
422	0.93	0.3209071358
423	0.93	0.3205468787
424	0.9333333333	0.3203128261
425	0.9333333333	0.3199865692
426	0.9333333333	0.3194261895
427	0.9333333333	0.3190590691
428	0.9333333333	0.3189145364
429	0.9333333333	0.318396258
430	0.9333333333	0.3182075639
431	0.9333333333	0.3180805411
432	0.9333333333	0.3177741213
433	0.9333333333	0.3177382712
434	0.9366666667	0.3175116667
435	0.9366666667	0.3172061511
436	0.9366666667	0.3169509888
437	0.9366666667	0.3166785437
438	0.9366666667	0.3163145026
439	0.9366666667	0.3160033843
440	0.9366666667	0.3158067361
441	0.9366666667	0.3154270394
442	0.9366666667	0.3153296366
443	0.9366666667	0.3148767593
444	0.9366666667	0.3146958277
445	0.9366666667	0.3145691154
446	0.9366666667	0.3145546686
447	0.9366666667	0.3145010152
448	0.9366666667	0.3144633663
449	0.9366666667	0.3143574119
450	0.9366666667	0.3142384331
451	0.9366666667	0.3138070948
452	0.9366666667	0.3134874717
453	0.9366666667	0.3131015302
454	0.9366666667	0.3129415908
455	0.9366666667	0.312814185
456	0.9366666667	0.3125032672
457	0.9366666667	0.3122790192
458	0.9366666667	0.3119536604
459	0.9366666667	0.3117441197
460	0.9366666667	0.3112965664
461	0.9366666667	0.3110081948
462	0.9366666667	0.3109396977
463	0.9366666667	0.3108043641
464	0.9366666667	0.3105343484
465	0.9366666667	0.3102642568
466	0.9366666667	0.3101288071
467	0.9366666667	0.3099190932
468	0.9366666667	0.3098335215
469	0.9366666667	0.3096715632
470	0.9366666667	0.3092661382
471	0.9366666667	0.3092661374
472	0.9366666667	0.3090328332
473	0.94	0.3086982019
474	0.94	0.3084102365
475	0.94	0.3080489004
476	0.94	0.3075491932
477	0.9433333333	0.3072746729
478	0.9433333333	0.3071700602
479	0.9433333333	0.3069042372
480	0.9433333333	0.3067111937
481	0.9433333333	0.3066375608
482	0.9433333333	0.3063297614
483	0.9433333333	0.30589319
484	0.9433333333	0.3056009753
485	0.9433333333	0.3055937431
486	0.9433333333	0.3053539817
487	0.9433333333	0.304985896
488	0.9433333333	0.3046604744
489	0.9433333333	0.304373921
490	0.9433333333	0.3040458225
491	0.9433333333	0.3037982661
492	0.9433333333	0.3033917576
493	0.9433333333	0.3030327657
494	0.9433333333	0.3027417376
495	0.9433333333	0.3025634834
496	0.9433333333	0.3021273076
497	0.9433333333	0.3017575564
498	0.9433333333	0.3015538547
499	0.9466666667	0.3012602171
500	0.9466666667	0.3010606767
501	0.9466666667	0.3009514193
502	0.9466666667	0.3005945315
503	0.9466666667	0.3004707537
504	0.9466666667	0.3002426848
505	0.9466666667	0.3002426846
506	0.9466666667	0.3001081923
507	0.9466666667	0.2997578865
508	0.9466666667	0.2992142001
509	0.9466666667	0.2991129767
510	0.9466666667	0.2986916515
511	0.9466666667	0.2983960731
512	0.9466666667	0.2980916264
513	0.9466666667	0.2977926698
514	0.9466666667	0.2975003555
515	0.9466666667	0.2973004108
516	0.95	0.2969864592
517	0.95	0.2968712816
518	0.95	0.2967268875
519	0.95	0.2967027435
520	0.95	0.2961167728
521	0.95	0.2959227267
522	0.95	0.2957355611
523	0.95	0.2954893007
524	0.95	0.2953055723
525	0.95	0.2953055664
526	0.95	0.2950968331
527	0.95	0.2946965249
528	0.95	0.2945638658
529	0.95	0.2945126477
530	0.95	0.2942835996
531	0.95	0.2940363443
532	0.9533333333	0.2938663949
533	0.9533333333	0.293560033
534	0.9533333333	0.2933053371
535	0.9533333333	0.2931062282
536	0.9533333333	0.2928466049
537	0.9533333333	0.2925876175
538	0.9533333333	0.2924576577
539	0.9533333333	0.292275779
540	0.9533333333	0.291959172
541	0.9533333333	0.2917852554
542	0.9566666667	0.2916141998
543	0.9566666667	0.29124961
544	0.9566666667	0.2909408806
545	0.9566666667	0.2907938603
546	0.9566666667	0.2905981642
547	0.9566666667	0.2902688912
548	0.96	0.290064356
549	0.96	0.2900273524
550	0.96	0.2899662565
551	0.96	0.2897897636
552	0.96	0.2893899445
553	0.96	0.2892278939
554	0.96	0.28910277
555	0.96	0.2886661081
556	0.96	0.2885072316
557	0.96	0.2881611505
558	0.96	0.2878995513
559	0.96	0.2877647163
560	0.96	0.2876629283
561	0.96	0.2871842283
562	0.96	0.2871365253
563	0.96	0.2866702409
564	0.96	0.2864372385
565	0.96	0.2862794558
566	0.96	0.2859299478
567	0.96	0.2856850243
568	0.9633333333	0.2854666901
569	0.9633333333	0.2853844522
570	0.9633333333	0.2851492364
571	0.9633333333	0.2851287182
572	0.9633333333	0.2849371475
573	0.9633333333	0.2844895474
574	0.9633333333	0.2843024495
575	0.9666666667	0.2841664165
576	0.9666666667	0.2840981726
577	0.9666666667	0.2838527907
578	0.9633333333	0.283421135
579	0.9666666667	0.2831309427
580	0.97	0.2829570094
581	0.97	0.282601077
582	0.97	0.2823840073
583	0.97	0.2819630755
584	0.97	0.2817476898
585	0.97	0.2814726451
586	0.97	0.281311905
587	0.97	0.2810535913
588	0.97	0.280917213
589	0.97	0.2806242
590	0.97	0.2806241998
591	0.97	0.280224854
592	0.97	0.2800497118
593	0.97	0.279750812
594	0.97	0.2796405943
595	0.97	0.2794340609
596	0.97	0.2793747277
597	0.97	0.2791934149
598	0.97	0.2789606954
599	0.97	0.2786830448
600	0.97	0.2785364884
601	0.97	0.2782242609
602	0.97	0.2781526009
603	0.97	0.2777719017
604	0.97	0.2777042185
605	0.97	0.2776338356
606	0.97	0.2775451902
607	0.97	0.2773084749
608	0.97	0.2771947358
609	0.97	0.2771947347
610	0.97	0.2769735485
611	0.97	0.2767372322
612	0.97	0.2764796479
613	0.97	0.2761497534
614	0.97	0.2760049637
615	0.97	0.2758759411
616	0.97	0.2755149975
617	0.97	0.275188039
618	0.97	0.2748190402
619	0.97	0.2746453917
620	0.9733333333	0.2741810593
621	0.9733333333	0.2738694127
622	0.9733333333	0.2736078644
623	0.9733333333	0.2730808688
624	0.9733333333	0.2727978994
625	0.9733333333	0.2725336147
626	0.9733333333	0.272370329
627	0.9733333333	0.2721660143
628	0.9733333333	0.2719804518
629	0.9733333333	0.2718076506
630	0.9733333333	0.2716829329
631	0.9733333333	0.2716088266
632	0.9733333333	0.2716004844
633	0.9733333333	0.2712041714
634	0.9733333333	0.2711456809
635	0.9733333333	0.2710641001
636	0.9733333333	0.2708187033
637	0.9733333333	0.2705167564
638	0.9733333333	0.2700719175
639	0.9733333333	0.2700530999
640	0.9733333333	0.2698039633
641	0.9733333333	0.2694262667
642	0.9733333333	0.2692172584
643	0.9733333333	0.2691197747
644	0.9733333333	0.268891465
645	0.9733333333	0.2688911669
646	0.9733333333	0.268566544
647	0.9733333333	0.2682412209
648	0.9733333333	0.2678516925
649	0.9733333333	0.267559946
650	0.9733333333	0.2672830939
651	0.9733333333	0.2670080886
652	0.9733333333	0.2669590875
653	0.9733333333	0.2667714414
654	0.9733333333	0.2665117377
655	0.9733333333	0.2660857884
656	0.9733333333	0.2659921939
657	0.9733333333	0.2658728936
658	0.9733333333	0.2656711258
659	0.9733333333	0.2653364626
660	0.9733333333	0.2651428049
661	0.9733333333	0.2649183764
662	0.9733333333	0.2645039359
663	0.9733333333	0.2641531705
664	0.9733333333	0.2640022115
665	0.9733333333	0.2640022061
666	0.9733333333	0.2637135375
667	0.9733333333	0.2636010392
668	0.9733333333	0.2632956486
669	0.9733333333	0.2632304287
670	0.9733333333	0.2630204251
671	0.9733333333	0.2627650105
672	0.9733333333	0.2626064267
673	0.9733333333	0.2623883739
674	0.9733333333	0.2621990366
675	0.9733333333	0.2619922539
676	0.9733333333	0.2617899423
677	0.9733333333	0.2617784658
678	0.9733333333	0.2614340502
679	0.9733333333	0.2610899664
680	0.9733333333	0.2609111788
681	0.9733333333	0.2607341647
682	0.9733333333	0.2605035962
683	0.9766666667	0.2603871838
684	0.9766666667	0.2601033445
685	0.9733333333	0.2597768765
686	0.9733333333	0.2596077389
687	0.9766666667	0.2592186231
688	0.9766666667	0.2591037216
689	0.9766666667	0.2586970354
690	0.98	0.2583978802
691	0.98	0.2580798566
692	0.98	0.257831267
693	0.98	0.2578300794
694	0.98	0.2576725113
695	0.98	0.2573051402
696	0.98	0.2572025603
697	0.98	0.2570713455
698	0.9833333333	0.2567199371
699	0.9833333333	0.256375794
700	0.9833333333	0.2563746459
701	0.9833333333	0.2560877892
702	0.9833333333	0.255929133
703	0.98	0.2558286621
704	0.98	0.2557983656
705	0.98	0.2556946203
706	0.9833333333	0.2554307739
707	0.9833333333	0.255219806
708	0.9866666667	0.2547422439
709	0.9866666667	0.2546368177
710	0.9866666667	0.2542288487
711	0.9866666667	0.2540676516
712	0.9866666667	0.2540067701
713	0.9866666667	0.2539987651
714	0.9866666667	0.2537343302
715	0.9866666667	0.2534988335
716	0.9833333333	0.2533183098
717	0.9833333333	0.2533178897
718	0.9833333333	0.2531825174
719	0.9833333333	0.2528675902
720	0.9833333333	0.2526571899
721	0.9833333333	0.2523911816
722	0.98	0.2518852124
723	0.98	0.2518707146
724	0.9833333333	0.2514973385
725	0.9833333333	0.251365295
726	0.9833333333	0.2511204537
727	0.9833333333	0.2510080194
728	0.9833333333	0.2509255844
729	0.9833333333	0.2507331932
730	0.9833333333	0.2504258062
731	0.9833333333	0.2503622637
732	0.9833333333	0.2502320532
733	0.9833333333	0.2500922275
734	0.9866666667	0.2496931122
735	0.9866666667	0.2491528202
736	0.9833333333	0.2489855911
737	0.9833333333	0.2487984969
738	0.9833333333	0.2485942571
739	0.9833333333	0.2484870025
740	0.9833333333	0.2482573057
741	0.9833333333	0.248056823
742	0.9833333333	0.2478774638
743	0.9833333333	0.2477028748
744	0.9866666667	0.2473719175
745	0.9866666667	0.2472122106
746	0.9866666667	0.2469538869
747	0.9866666667	0.2467101025
748	0.9866666667	0.2466059745
749	0.9866666667	0.2465197927
750	0.9833333333	0.2462796042
751	0.9833333333	0.2460577804
752	0.9833333333	0.2457016285
753	0.9833333333	0.245701624
754	0.9833333333	0.2455106063
755	0.9833333333	0.2452168985
756	0.9833333333	0.2452168745
757	0.9833333333	0.2448207583
758	0.9833333333	0.2443857804
759	0.9833333333	0.2442244867
760	0.9833333333	0.2440822997
761	0.9833333333	0.2439620463
762	0.9833333333	0.2439435399
763	0.9833333333	0.2436052019
764	0.9833333333	0.2435324585
765	0.9833333333	0.2433318625
766	0.9833333333	0.2430122845
767	0.9833333333	0.2428338072
768	0.9866666667	0.2424193838
769	0.9866666667	0.2421839012
770	0.9866666667	0.2420547896
771	0.9866666667	0.2419353747
772	0.9866666667	0.2419353554
773	0.9866666667	0.241693702
774	0.9866666667	0.2415513992
775	0.9866666667	0.2413312147
776	0.9866666667	0.2411181373
777	0.9866666667	0.240911061
778	0.9866666667	0.2406366776
779	0.9866666667	0.2406061729
780	0.9866666667	0.2402930664
781	0.9866666667	0.240069381
782	0.9866666667	0.2399036442
783	0.9866666667	0.2398630231
784	0.9866666667	0.2394897195
785	0.9866666667	0.2392788952
786	0.9866666667	0.2390618046
787	0.9866666667	0.2386544773
788	0.9866666667	0.2382053196
789	0.9866666667	0.2381141655
790	0.9866666667	0.2379085608
791	0.9866666667	0.2376570786
792	0.9866666667	0.2373980507
793	0.9866666667	0.2370735348
794	0.9866666667	0.2369303049
795	0.9866666667	0.2367222882
796	0.9866666667	0.2367221894
797	0.9866666667	0.2366903581
798	0.9866666667	0.2366897693
799	0.9866666667	0.2363162119
800	0.9866666667	0.2362841095
801	0.9866666667	0.2359856302
802	0.9866666667	0.2358916259
803	0.9866666667	0.2356951324
804	0.9866666667	0.2353486809
805	0.9866666667	0.2352068488
806	0.9866666667	0.235006036
807	0.9866666667	0.2348114477
808	0.9866666667	0.234811425
809	0.9866666667	0.2348114235
810	0.9866666667	0.2347017644
811	0.9866666667	0.234444616
812	0.9866666667	0.2342680798
813	0.9866666667	0.2339540614
814	0.9866666667	0.233785814
815	0.9866666667	0.2337704122
816	0.9866666667	0.2333721644
817	0.9866666667	0.2331769482
818	0.9866666667	0.2331768794
819	0.9866666667	0.2330942419
820	0.9866666667	0.2330519217
821	0.9866666667	0.2329616406
822	0.9866666667	0.2328181854
823	0.9866666667	0.232431037
824	0.9866666667	0.2323501146
825	0.9866666667	0.2322470648
826	0.9866666667	0.2321093663
827	0.9866666667	0.2319268345
828	0.9866666667	0.2317776191
829	0.9866666667	0.2314163419
830	0.9866666667	0.2312676153
831	0.99	0.2310764296
832	0.99	0.2309677072
833	0.99	0.2308490609
834	0.99	0.2306564159
835	0.99	0.2306409928
836	0.99	0.2303187767
837	0.99	0.2303128945
838	0.99	0.230206144
839	0.99	0.2301196536
840	0.99	0.2299801122
841	0.99	0.2296835438
842	0.99	0.2296835216
843	0.99	0.2294595426
844	0.99	0.2292259192
845	0.99	0.2290188197
846	0.99	0.2288446053
847	0.99	0.228716042
848	0.99	0.2287090423
849	0.99	0.2284599313
850	0.99	0.2281998417
851	0.99	0.2280058084
852	0.99	0.2278017767
853	0.99	0.2276017608
854	0.99	0.2271758852
855	0.99	0.2271430097
856	0.99	0.2270312935
857	0.99	0.2269963448
858	0.99	0.2267707659
859	0.99	0.226604264
860	0.99	0.2264452116
861	0.99	0.2263454269
862	0.99	0.2263009692
863	0.9933333333	0.2261334972
864	0.9933333333	0.2257992759
865	0.9933333333	0.2255590681
866	0.9933333333	0.2254517909
867	0.9933333333	0.2253806564
868	0.9933333333	0.2253114655
869	0.9933333333	0.2251207964
870	0.9933333333	0.2248967528
871	0.9933333333	0.2246005824
872	0.9933333333	0.2242494338
873	0.9933333333	0.2241986501
874	0.9933333333	0.2241707094
875	0.9933333333	0.2239562003
876	0.9933333333	0.2239561485
877	0.9933333333	0.2237323491
878	0.9933333333	0.223555684
879	0.9933333333	0.2235343354
880	0.9933333333	0.2235343112
881	0.9933333333	0.2235271181
882	0.9933333333	0.2234868995
883	0.9933333333	0.2234367267
884	0.9933333333	0.2232490594
885	0.9933333333	0.2231602784
886	0.9933333333	0.2228899714
887	0.9933333333	0.2227378423
888	0.9933333333	0.2225982753
889	0.9933333333	0.2224842272
890	0.9933333333	0.222449694
891	0.9933333333	0.2224496125
892	0.9933333333	0.2223767557
893	0.9933333333	0.2221366873
894	0.9933333333	0.2220144998
895	0.9933333333	0.2218096895
896	0.9933333333	0.2216309472
897	0.9933333333	0.2214476506
898	0.9933333333	0.2212951253
899	0.9933333333	0.2211990307
900	0.9933333333	0.221050323
901	0.9933333333	0.2208384569
902	0.9933333333	0.2207942457
903	0.9933333333	0.2205398395
904	0.9933333333	0.220509692
905	0.9933333333	0.2203181479
906	0.9933333333	0.2203104407
907	0.9933333333	0.2203005765
908	0.9933333333	0.2202260805
909	0.9933333333	0.2199311061
910	0.9933333333	0.2199113892
911	0.9933333333	0.219739923
912	0.9933333333	0.2196230005
913	0.9933333333	0.2192833711
914	0.9933333333	0.2191308894
915	0.9933333333	0.2191308835
916	0.9933333333	0.2191308614
917	0.9933333333	0.2188854246
918	0.9933333333	0.2188245843
919	0.9933333333	0.2185963314
920	0.9933333333	0.2185908905
921	0.9933333333	0.2184634905
922	0.9933333333	0.2183107186
923	0.9933333333	0.2182157758
924	0.9933333333	0.2181407061
925	0.9933333333	0.2180571398
926	0.9933333333	0.2180265113
927	0.9933333333	0.2177316641
928	0.9933333333	0.2177249518
929	0.9933333333	0.2174886412
930	0.9933333333	0.2173683951
931	0.9933333333	0.2170785634
932	0.9933333333	0.2168947053
933	0.9933333333	0.216755908
934	0.9933333333	0.2167134649
935	0.9933333333	0.2166678637
936	0.9933333333	0.2163914161
937	0.9933333333	0.2162403589
938	0.9933333333	0.216199734
939	0.9933333333	0.2161392056
940	0.9933333333	0.2159858845
941	0.9933333333	0.2158291585
942	0.9933333333	0.2155428256
943	0.9933333333	0.2155335622
944	0.9933333333	0.2153554476
945	0.9933333333	0.2153417475
946	0.9933333333	0.2149857801
947	0.9933333333	0.2148567427
948	0.9933333333	0.2147566052
949	0.9933333333	0.2145807434
950	0.9933333333	0.2143943261
951	0.9933333333	0.2143583259
952	0.9933333333	0.214315653
953	0.9933333333	0.21430295
954	0.9933333333	0.2142552529
955	0.9933333333	0.214247048
956	0.9933333333	0.2142419891
957	0.9933333333	0.2140639687
958	0.9933333333	0.2138439491
959	0.9933333333	0.2136115231
960	0.9933333333	0.2133879715
961	0.9933333333	0.213259726
962	0.9933333333	0.2130701692
963	0.9933333333	0.2127240465
964	0.9933333333	0.2125245271
965	0.9933333333	0.2123800123
966	0.9933333333	0.2122132801
967	0.9933333333	0.2120248671
968	0.9933333333	0.2118334427
969	0.9933333333	0.2117926164
970	0.9933333333	0.2116038297
971	0.9933333333	0.2115441618
972	0.9933333333	0.2114521169
973	0.9933333333	0.211268754
974	0.9933333333	0.2110612467
975	0.9933333333	0.2108787052
976	0.9933333333	0.2107551971
977	0.9933333333	0.210567097
978	0.9933333333	0.2105537984
979	0.9933333333	0.2103442467
980	0.9933333333	0.2102492756
981	0.9933333333	0.2099255589
982	0.9933333333	0.209820063
983	0.9933333333	0.2097090238
984	0.9933333333	0.2095020035
985	0.9933333333	0.2094518579
986	0.9933333333	0.209333385
987	0.9933333333	0.2093006942
988	0.9933333333	0.2092878103
989	0.9933333333	0.2091497614
990	0.9933333333	0.2091439049
991	0.9933333333	0.2090088895
992	0.9933333333	0.2086504685
993	0.9933333333	0.2084795731
994	0.9933333333	0.2083719089
995	0.9966666667	0.2080850449
996	0.9966666667	0.2079311883
997	0.9966666667	0.2077662492
998	0.9966666667	0.2076662303
999	0.9966666667	0.2075332596
